"id","external_ids","event_time","ingested_at","first_seen","last_seen","location_geog","city","street_name","road_number","road_type_code","accident_type","accident_subtype","cause_primary","cause_secondary","severity","fatalities_count","serious_injuries","minor_injuries","persons_involved","vehicles_involved","damage_czk","damage_category","weather_condition","road_surface","light_condition","road_condition","vehicle_types","alcohol_involved","drugs_involved","alcohol_level","quality_score","raw","segment_id"
11517,"{""police_cr"": ""060206211295""}","2021-08-12 04:55:00+00","2026-04-08 23:59:26.113885+00","2026-04-08 23:59:26.113885+00","2026-04-08 23:59:26.113885+00","0101000020E6100000C11057F2918F3040C4449D0143964840","Brno","Jihlavská","","monitored_road","srážka - s jedoucím nekolejovým vozidlem","zezadu","nedodržení bezpečné vzdálenosti za vozidlem","řidičem - motorového vozidla","property_damage",0,0,0,NULL,2,2000,NULL,"neztížené","povrch suchý - neznečištěný","ve dne - viditelnost nezhoršená vlivem povětrnostních podmínek","dobrý, bez závad","{""osobní automobil bez přívěsu""}",False,False,NULL,100,"{""skid"": ""ne"", ""year"": ""2021"", ""source"": ""police-cr"", ""locality"": ""v obci"", ""priority"": ""žádná místní úprava"", ""direction"": ""přímý úsek"", ""visibility"": ""dobré"", ""driver_state"": ""dobrý - žádné nepříznivé okolnosti nebyly zjištěny"", ""intersection"": ""mimo křižovatku"", ""vehicle_year"": ""16"", ""obstacle_type"": ""nepříchází v úvahu - nejedná se o srážku s pevnou překážkou"", ""road_division"": ""čtyřpruhová s dělícím pásem"", ""road_position"": ""na jízdním pruhu"", ""vehicle_brand"": ""ŠKODA"", ""driver_license"": ""s řidičským oprávněním skupiny - B"", ""specific_place"": ""žádné nebo žádné z uvedených"", ""traffic_control"": ""žádný způsob řízení provozu"", ""road_surface_type"": ""živice"", ""vehicle_ownership"": ""soukromá organizace - (podnikatel, s.r.o., v.o.s., a.s., atd.)"", ""accident_character"": ""nehoda - pouze s hmotnou škodou"", ""vehicle_damage_czk"": ""1500"", ""vehicle_after_accident"": ""žádná z uvedených"", ""driver_external_influence"": ""řidič nebyl ovlivněn""}",8715
11702,"{""police_cr"": ""060206211480""}","2021-09-05 08:30:00+00","2026-04-08 23:59:28.991283+00","2026-04-08 23:59:28.991283+00","2026-04-08 23:59:28.991283+00","0101000020E610000078FE4909D98E30409239BF493D964840","Brno","Jihlavská","","intersection","srážka - s jedoucím nekolejovým vozidlem","zezadu","nedodržení bezpečné vzdálenosti za vozidlem","řidičem - motorového vozidla","minor",0,0,1,NULL,2,450,NULL,"neztížené","povrch suchý - neznečištěný","ve dne - viditelnost nezhoršená vlivem povětrnostních podmínek","dobrý, bez závad","{""motocykl (včetně sidecarů, skútrů apod.)""}",False,False,NULL,100,"{""skid"": ""ne"", ""year"": ""2021"", ""source"": ""police-cr"", ""locality"": ""v obci"", ""priority"": ""žádná místní úprava"", ""direction"": ""křižovatka průsečná - čtyřramenná"", ""visibility"": ""dobré"", ""driver_state"": ""dobrý - žádné nepříznivé okolnosti nebyly zjištěny"", ""intersection"": ""na křižovatce - uvnitř hranic křižovatky definovaných pro systém evidence nehod (zóna 9)"", ""vehicle_year"": ""19"", ""obstacle_type"": ""nepříchází v úvahu - nejedná se o srážku s pevnou překážkou"", ""road_division"": ""dvoupruhová"", ""road_position"": ""na jízdním pruhu"", ""vehicle_brand"": ""HONDA"", ""driver_license"": ""s řidičským oprávněním skupiny - B"", ""specific_place"": ""žádné nebo žádné z uvedených"", ""traffic_control"": ""světelným signalizačním zařízením"", ""road_surface_type"": ""živice"", ""vehicle_ownership"": ""soukromá organizace - (podnikatel, s.r.o., v.o.s., a.s., atd.)"", ""accident_character"": ""nehoda - s následky na životě"", ""vehicle_damage_czk"": ""200"", ""vehicle_after_accident"": ""nedošlo k požáru"", ""driver_external_influence"": ""řidič nebyl ovlivněn""}",8734
11784,"{""police_cr"": ""060206211562""}","2021-09-15 03:55:00+00","2026-04-08 23:59:30.17431+00","2026-04-08 23:59:30.17431+00","2026-04-08 23:59:30.17431+00","0101000020E6100000461C3766F2943040B27E8C602F964840","Brno","Jihlavská","","monitored_road","srážka - s chodcem","nepřichází v úvahu - nejedná se o srážku jedoucích vozidel","nezaviněná řidičem","chodcem","minor",0,0,1,NULL,1,200,NULL,"neztížené","povrch suchý - neznečištěný","v noci - s veřejným osvětlením, viditelnost nezhoršená vlivem povětrnostních podmínek","dobrý, bez závad","{""osobní automobil bez přívěsu""}",False,False,NULL,100,"{""skid"": ""ne"", ""year"": ""2021"", ""source"": ""police-cr"", ""locality"": ""v obci"", ""priority"": ""žádná místní úprava"", ""direction"": ""přímý úsek"", ""visibility"": ""dobré"", ""driver_state"": ""dobrý - žádné nepříznivé okolnosti nebyly zjištěny"", ""intersection"": ""mimo křižovatku"", ""vehicle_year"": ""09"", ""obstacle_type"": ""nepříchází v úvahu - nejedná se o srážku s pevnou překážkou"", ""road_division"": ""čtyřpruhová s dělící čarou"", ""road_position"": ""na jízdním pruhu"", ""vehicle_brand"": ""ŠKODA"", ""driver_license"": ""s řidičským oprávněním skupiny - B"", ""specific_place"": ""žádné nebo žádné z uvedených"", ""traffic_control"": ""žádný způsob řízení provozu"", ""road_surface_type"": ""živice"", ""vehicle_ownership"": ""soukromé - nevyužívané k výdělečné činnosti"", ""accident_character"": ""nehoda - s následky na životě"", ""vehicle_damage_czk"": ""200"", ""vehicle_after_accident"": ""nedošlo k požáru"", ""driver_external_influence"": ""řidič nebyl ovlivněn""}",7964
11928,"{""police_cr"": ""060206211706""}","2021-10-04 22:15:00+00","2026-04-08 23:59:32.729027+00","2026-04-08 23:59:32.729027+00","2026-04-08 23:59:32.729027+00","0101000020E61000009885BCA8DA9530400820187F26964840","Brno","Jihlavská","","street","srážka - s vozidlem zaparkovaným, odstaveným","nepřichází v úvahu - nejedná se o srážku jedoucích vozidel","řidič se plně nevěnoval řízení vozidla","řidičem - motorového vozidla","property_damage",0,0,0,NULL,3,940,NULL,"neztížené","povrch suchý - neznečištěný","v noci - s veřejným osvětlením, viditelnost nezhoršená vlivem povětrnostních podmínek","dobrý, bez závad","{""osobní automobil bez přívěsu""}",True,False,NULL,100,"{""skid"": ""ne"", ""year"": ""2021"", ""source"": ""police-cr"", ""locality"": ""v obci"", ""priority"": ""žádná místní úprava"", ""direction"": ""přímý úsek"", ""visibility"": ""dobré"", ""driver_state"": ""pod vlivem - alkoholu, obsah alkoholu v krvi 1 ‰ a více"", ""intersection"": ""mimo křižovatku"", ""vehicle_year"": ""09"", ""obstacle_type"": ""nepříchází v úvahu - nejedná se o srážku s pevnou překážkou"", ""road_division"": ""dvoupruhová"", ""road_position"": ""na jízdním pruhu"", ""vehicle_brand"": ""AUDI"", ""driver_license"": ""s řidičským oprávněním skupiny - B"", ""specific_place"": ""parkoviště přiléhající ke komunikaci"", ""traffic_control"": ""žádný způsob řízení provozu"", ""road_surface_type"": ""živice"", ""vehicle_ownership"": ""soukromé - nevyužívané k výdělečné činnosti"", ""accident_character"": ""nehoda - pouze s hmotnou škodou"", ""vehicle_damage_czk"": ""500"", ""vehicle_after_accident"": ""nedošlo k požáru"", ""driver_external_influence"": ""řidič nebyl ovlivněn""}",7953
12205,"{""police_cr"": ""060206211983""}","2021-11-09 15:05:00+00","2026-04-08 23:59:36.749316+00","2026-04-08 23:59:36.749316+00","2026-04-08 23:59:36.749316+00","0101000020E61000002F2823F2E891304024F1E4D33F964840","Brno","Jihlavská","","monitored_road","srážka - s jedoucím nekolejovým vozidlem","zezadu","řidič se plně nevěnoval řízení vozidla","řidičem - motorového vozidla","property_damage",0,0,0,NULL,2,100,NULL,"neztížené","povrch suchý - neznečištěný","ve dne - viditelnost nezhoršená vlivem povětrnostních podmínek","dobrý, bez závad","{""nezjištěno, řidič ujel""}",False,False,NULL,100,"{""year"": ""2021"", ""source"": ""police-cr"", ""locality"": ""v obci"", ""priority"": ""přednost vyznačena dopravními značkami"", ""direction"": ""přímý úsek"", ""visibility"": ""dobré"", ""intersection"": ""mimo křižovatku"", ""vehicle_year"": ""XX"", ""obstacle_type"": ""nepříchází v úvahu - nejedná se o srážku s pevnou překážkou"", ""road_division"": ""čtyřpruhová s dělícím pásem"", ""road_position"": ""na jízdním pruhu"", ""specific_place"": ""žádné nebo žádné z uvedených"", ""traffic_control"": ""místní úprava"", ""road_surface_type"": ""živice"", ""accident_character"": ""nehoda - pouze s hmotnou škodou"", ""vehicle_damage_czk"": ""0""}",8131
12647,"{""police_cr"": ""060306210293""}","2021-04-18 01:05:00+00","2026-04-08 23:59:42.976839+00","2026-04-08 23:59:42.976839+00","2026-04-08 23:59:42.976839+00","0101000020E6100000B0C949DA12813040CF8662C4A4964840","Troubsko","Jihlavská","602","secondary","havárie","nepřichází v úvahu - nejedná se o srážku jedoucích vozidel","nepřizpůsobení rychlosti - dopravně technickému stavu vozovky (zatáčka, klesání, stoupání, šířka vozovky apod.)","řidičem - motorového vozidla","property_damage",0,0,0,NULL,1,810,NULL,"neztížené","povrch suchý - znečištěný (písek, prach, listí, štěrk atd.)","v noci - s veřejným osvětlením, viditelnost nezhoršená vlivem povětrnostních podmínek","dobrý, bez závad","{""osobní automobil bez přívěsu""}",False,False,NULL,100,"{""skid"": ""ano"", ""year"": ""2021"", ""source"": ""police-cr"", ""locality"": ""v obci"", ""priority"": ""přednost vyznačena dopravními značkami"", ""direction"": ""kruhový objezd"", ""visibility"": ""dobré"", ""driver_state"": ""dobrý - žádné nepříznivé okolnosti nebyly zjištěny"", ""intersection"": ""11"", ""vehicle_year"": ""18"", ""obstacle_type"": ""nepříchází v úvahu - nejedná se o srážku s pevnou překážkou"", ""road_division"": ""dvoupruhová"", ""road_position"": ""žádné z uvedených"", ""vehicle_brand"": ""AUDI"", ""driver_license"": ""s řidičským oprávněním skupiny - B"", ""specific_place"": ""žádné nebo žádné z uvedených"", ""traffic_control"": ""místní úprava"", ""intersecting_road"": ""2"", ""road_surface_type"": ""živice"", ""vehicle_ownership"": ""soukromá organizace - (podnikatel, s.r.o., v.o.s., a.s., atd.)"", ""accident_character"": ""nehoda - pouze s hmotnou škodou"", ""vehicle_damage_czk"": ""800"", ""vehicle_after_accident"": ""žádná z uvedených"", ""driver_external_influence"": ""řidič nebyl ovlivněn""}",9229
13329,"{""police_cr"": ""060206200101""}","2020-01-16 15:35:00+00","2026-04-08 23:59:54.074574+00","2026-04-08 23:59:54.074574+00","2026-04-08 23:59:54.074574+00","0101000020E6100000274BADE4489530403BDD23032A964840","Brno","Jihlavská","","monitored_road","srážka - s jedoucím nekolejovým vozidlem","zezadu","nedodržení bezpečné vzdálenosti za vozidlem","řidičem - motorového vozidla","minor",0,0,1,NULL,2,150,NULL,"neztížené","povrch suchý - neznečištěný","ve dne - zhoršená viditelnost (svítání, soumrak)","dobrý, bez závad","{""osobní automobil bez přívěsu""}",False,False,NULL,100,"{""skid"": ""ne"", ""year"": ""2020"", ""source"": ""police-cr"", ""locality"": ""v obci"", ""priority"": ""žádná místní úprava"", ""direction"": ""přímý úsek"", ""visibility"": ""dobré"", ""driver_state"": ""dobrý - žádné nepříznivé okolnosti nebyly zjištěny"", ""intersection"": ""mimo křižovatku"", ""vehicle_year"": ""10"", ""obstacle_type"": ""nepříchází v úvahu - nejedná se o srážku s pevnou překážkou"", ""road_division"": ""vícepruhová"", ""road_position"": ""žádné z uvedených"", ""vehicle_brand"": ""OPEL"", ""driver_license"": ""s řidičským oprávněním skupiny - B"", ""specific_place"": ""žádné nebo žádné z uvedených"", ""traffic_control"": ""žádný způsob řízení provozu"", ""road_surface_type"": ""živice"", ""vehicle_ownership"": ""soukromé - nevyužívané k výdělečné činnosti"", ""accident_character"": ""nehoda - s následky na životě"", ""vehicle_damage_czk"": ""50"", ""vehicle_after_accident"": ""nedošlo k požáru"", ""driver_external_influence"": ""řidič nebyl ovlivněn""}",7959
13446,"{""police_cr"": ""060206200218""}","2020-02-04 06:58:00+00","2026-04-08 23:59:56.026062+00","2026-04-08 23:59:56.026062+00","2026-04-08 23:59:56.026062+00","0101000020E6100000D6AC56DEC3983040F0349FD111964840","Brno","Jihlavská","","intersection","srážka - s tramvají","z boku","jízda na ""červenou"" 3-barevného semaforu","řidičem - motorového vozidla","property_damage",0,0,0,NULL,2,1450,NULL,"neztížené","povrch mokrý","ve dne - viditelnost nezhoršená vlivem povětrnostních podmínek","dobrý, bez závad","{""nákladní automobil (včetně multikáry, autojeřábu, cisterny atd.)""}",False,False,NULL,100,"{""skid"": ""ne"", ""year"": ""2020"", ""source"": ""police-cr"", ""locality"": ""v obci"", ""priority"": ""žádná místní úprava"", ""direction"": ""křižovatka průsečná - čtyřramenná"", ""visibility"": ""dobré"", ""driver_state"": ""dobrý - žádné nepříznivé okolnosti nebyly zjištěny"", ""intersection"": ""na křižovatce - uvnitř hranic křižovatky definovaných pro systém evidence nehod (zóna 9)"", ""vehicle_year"": ""16"", ""obstacle_type"": ""nepříchází v úvahu - nejedná se o srážku s pevnou překážkou"", ""road_division"": ""žádná z uvedených"", ""road_position"": ""na kolejích tramvaje"", ""vehicle_brand"": ""FIAT"", ""driver_license"": ""s řidičským oprávněním skupiny - B"", ""specific_place"": ""žádné nebo žádné z uvedených"", ""traffic_control"": ""světelným signalizačním zařízením"", ""road_surface_type"": ""živice"", ""vehicle_ownership"": ""soukromá organizace - (podnikatel, s.r.o., v.o.s., a.s., atd.)"", ""accident_character"": ""nehoda - pouze s hmotnou škodou"", ""vehicle_damage_czk"": ""900"", ""vehicle_after_accident"": ""nedošlo k požáru"", ""driver_external_influence"": ""řidič nebyl ovlivněn""}",6516
13483,"{""police_cr"": ""060206200255""}","2020-02-11 05:30:00+00","2026-04-08 23:59:56.507059+00","2026-04-08 23:59:56.507059+00","2026-04-08 23:59:56.507059+00","0101000020E6100000753E16D84495304018EDB1D130964840","Brno","Jihlavská","","intersection","srážka - s jedoucím nekolejovým vozidlem","zezadu","nedodržení bezpečné vzdálenosti za vozidlem","řidičem - motorového vozidla","property_damage",0,0,0,NULL,2,600,NULL,"na počátku deště, slabý déšť, mrholení apod.","povrch mokrý","v noci - s veřejným osvětlením, viditelnost nezhoršená vlivem povětrnostních podmínek","dobrý, bez závad","{""osobní automobil bez přívěsu""}",True,False,NULL,100,"{""skid"": ""ne"", ""year"": ""2020"", ""source"": ""police-cr"", ""locality"": ""v obci"", ""priority"": ""žádná místní úprava"", ""direction"": ""křižovatka průsečná - čtyřramenná"", ""visibility"": ""dobré"", ""driver_state"": ""pod vlivem - alkoholu, obsah alkoholu v krvi 1 ‰ a více"", ""intersection"": ""na křižovatce - uvnitř hranic křižovatky definovaných pro systém evidence nehod (zóna 9)"", ""vehicle_year"": ""09"", ""obstacle_type"": ""nepříchází v úvahu - nejedná se o srážku s pevnou překážkou"", ""road_division"": ""čtyřpruhová s dělící čarou"", ""road_position"": ""na jízdním pruhu"", ""vehicle_brand"": ""CHEVROLET"", ""driver_license"": ""s řidičským oprávněním skupiny - B"", ""specific_place"": ""žádné nebo žádné z uvedených"", ""traffic_control"": ""světelným signalizačním zařízením"", ""road_surface_type"": ""živice"", ""vehicle_ownership"": ""soukromé - nevyužívané k výdělečné činnosti"", ""accident_character"": ""nehoda - pouze s hmotnou škodou"", ""vehicle_damage_czk"": ""300"", ""vehicle_after_accident"": ""žádná z uvedených"", ""driver_external_influence"": ""řidič nebyl ovlivněn""}",7959
13676,"{""police_cr"": ""060206200448""}","2020-03-12 10:06:00+00","2026-04-08 23:59:59.129096+00","2026-04-08 23:59:59.129096+00","2026-04-08 23:59:59.129096+00","0101000020E61000007B6961635B9530406527B59329964840","Brno","Jihlavská","","intersection","srážka - s jedoucím nekolejovým vozidlem","boční","řidič se plně nevěnoval řízení vozidla","řidičem - motorového vozidla","minor",0,0,2,NULL,2,1900,NULL,"neztížené","povrch suchý - neznečištěný","ve dne - viditelnost nezhoršená vlivem povětrnostních podmínek","dobrý, bez závad","{""osobní automobil bez přívěsu""}",False,False,NULL,100,"{""skid"": ""ne"", ""year"": ""2020"", ""source"": ""police-cr"", ""locality"": ""v obci"", ""priority"": ""žádná místní úprava"", ""direction"": ""křižovatka průsečná - čtyřramenná"", ""visibility"": ""dobré"", ""driver_state"": ""dobrý - žádné nepříznivé okolnosti nebyly zjištěny"", ""intersection"": ""na křižovatce - uvnitř hranic křižovatky definovaných pro systém evidence nehod (zóna 9)"", ""vehicle_year"": ""17"", ""obstacle_type"": ""nepříchází v úvahu - nejedná se o srážku s pevnou překážkou"", ""road_division"": ""čtyřpruhová s dělící čarou"", ""road_position"": ""na jízdním pruhu"", ""vehicle_brand"": ""HYUNDAI"", ""driver_license"": ""s řidičským oprávněním skupiny - B"", ""specific_place"": ""v blízkosti přechodu pro chodce (do vzdálenosti 20 m)"", ""traffic_control"": ""světelným signalizačním zařízením"", ""road_surface_type"": ""živice"", ""vehicle_ownership"": ""soukromé - nevyužívané k výdělečné činnosti"", ""accident_character"": ""nehoda - s následky na životě"", ""vehicle_damage_czk"": ""1500"", ""vehicle_after_accident"": ""nedošlo k požáru"", ""driver_external_influence"": ""řidič nebyl ovlivněn""}",7959
13802,"{""police_cr"": ""060206200574""}","2020-04-09 17:13:00+00","2026-04-09 00:00:01.373548+00","2026-04-09 00:00:01.373548+00","2026-04-09 00:00:01.373548+00","0101000020E6100000130D10F2CD9130407B480C5948964840","Brno","Jihlavská","","monitored_road","srážka - s chodcem","nepřichází v úvahu - nejedná se o srážku jedoucích vozidel","chodci na vyznačeném přechodu","řidičem - motorového vozidla","serious",0,1,0,NULL,1,210,NULL,"neztížené","povrch suchý - neznečištěný","ve dne - viditelnost nezhoršená vlivem povětrnostních podmínek","dobrý, bez závad","{""osobní automobil bez přívěsu""}",False,False,NULL,100,"{""skid"": ""ne"", ""year"": ""2020"", ""source"": ""police-cr"", ""locality"": ""v obci"", ""priority"": ""přednost nevyznačena - vyplývá z pravidel silníčního provozu"", ""direction"": ""přímý úsek"", ""visibility"": ""výhled zakryt stojícím vozidlem"", ""driver_state"": ""dobrý - žádné nepříznivé okolnosti nebyly zjištěny"", ""intersection"": ""mimo křižovatku"", ""vehicle_year"": ""02"", ""obstacle_type"": ""nepříchází v úvahu - nejedná se o srážku s pevnou překážkou"", ""road_division"": ""dvoupruhová"", ""road_position"": ""na jízdním pruhu"", ""vehicle_brand"": ""FORD"", ""driver_license"": ""s řidičským oprávněním skupiny - B"", ""specific_place"": ""přechod pro chodce"", ""traffic_control"": ""žádný způsob řízení provozu"", ""road_surface_type"": ""živice"", ""vehicle_ownership"": ""soukromé - nevyužívané k výdělečné činnosti"", ""accident_character"": ""nehoda - s následky na životě"", ""vehicle_damage_czk"": ""200"", ""vehicle_after_accident"": ""žádná z uvedených"", ""driver_external_influence"": ""řidič nebyl ovlivněn""}",8184
13908,"{""police_cr"": ""060206200680""}","2020-05-04 17:00:00+00","2026-04-09 00:00:02.767763+00","2026-04-09 00:00:02.767763+00","2026-04-09 00:00:02.767763+00","0101000020E61000009C501F1760923040C92A0DBF3E964840","Brno","Jihlavská","","intersection","srážka - s jedoucím nekolejovým vozidlem","čelní","při odbočování vlevo","řidičem - motorového vozidla","minor",0,0,2,NULL,2,2400,NULL,"neztížené","povrch suchý - neznečištěný","ve dne - viditelnost nezhoršená vlivem povětrnostních podmínek","dobrý, bez závad","{""osobní automobil bez přívěsu""}",False,False,NULL,100,"{""skid"": ""ne"", ""year"": ""2020"", ""source"": ""police-cr"", ""locality"": ""v obci"", ""priority"": ""žádná místní úprava"", ""direction"": ""křižovatka styková - tříramenná"", ""visibility"": ""dobré"", ""driver_state"": ""dobrý - žádné nepříznivé okolnosti nebyly zjištěny"", ""intersection"": ""na křižovatce - uvnitř hranic křižovatky definovaných pro systém evidence nehod (zóna 9)"", ""vehicle_year"": ""08"", ""obstacle_type"": ""nepříchází v úvahu - nejedná se o srážku s pevnou překážkou"", ""road_division"": ""čtyřpruhová s dělící čarou"", ""road_position"": ""na jízdním pruhu"", ""vehicle_brand"": ""VOLKSWAGEN"", ""driver_license"": ""s řidičským oprávněním skupiny - B"", ""specific_place"": ""přechod pro chodce"", ""traffic_control"": ""světelným signalizačním zařízením"", ""road_surface_type"": ""živice"", ""vehicle_ownership"": ""soukromé - nevyužívané k výdělečné činnosti"", ""accident_character"": ""nehoda - s následky na životě"", ""vehicle_damage_czk"": ""900"", ""vehicle_after_accident"": ""žádná z uvedených"", ""driver_external_influence"": ""řidič nebyl ovlivněn""}",8138
14137,"{""police_cr"": ""060206200909""}","2020-06-08 13:05:00+00","2026-04-09 00:00:07.681603+00","2026-04-09 00:00:07.681603+00","2026-04-09 00:00:07.681603+00","0101000020E61000000FFD67A2AF9330408310B0D439964840","Brno","Jihlavská","","monitored_road","srážka - s jedoucím nekolejovým vozidlem","zezadu","nedodržení bezpečné vzdálenosti za vozidlem","řidičem - motorového vozidla","property_damage",0,0,0,NULL,2,1500,NULL,"neztížené","povrch suchý - neznečištěný","ve dne - viditelnost nezhoršená vlivem povětrnostních podmínek","dobrý, bez závad","{""osobní automobil bez přívěsu""}",False,False,NULL,100,"{""skid"": ""ne"", ""year"": ""2020"", ""source"": ""police-cr"", ""locality"": ""v obci"", ""priority"": ""žádná místní úprava"", ""direction"": ""přímý úsek"", ""visibility"": ""dobré"", ""driver_state"": ""dobrý - žádné nepříznivé okolnosti nebyly zjištěny"", ""intersection"": ""mimo křižovatku"", ""vehicle_year"": ""09"", ""obstacle_type"": ""nepříchází v úvahu - nejedná se o srážku s pevnou překážkou"", ""road_division"": ""čtyřpruhová s dělícím pásem"", ""road_position"": ""na jízdním pruhu"", ""vehicle_brand"": ""ŠKODA"", ""driver_license"": ""s řidičským oprávněním skupiny - B"", ""specific_place"": ""přechod pro chodce"", ""traffic_control"": ""žádný způsob řízení provozu"", ""road_surface_type"": ""živice"", ""vehicle_ownership"": ""soukromé - nevyužívané k výdělečné činnosti"", ""accident_character"": ""nehoda - pouze s hmotnou škodou"", ""vehicle_damage_czk"": ""1200"", ""vehicle_after_accident"": ""nedošlo k požáru"", ""driver_external_influence"": ""řidič nebyl ovlivněn""}",8107
14245,"{""police_cr"": ""060206201017""}","2020-06-20 14:40:00+00","2026-04-09 00:00:11.588862+00","2026-04-09 00:00:11.588862+00","2026-04-09 00:00:11.588862+00","0101000020E6100000BD7062E1E899304096B93B1817964840","Brno","Jihlavská","","monitored_road","srážka - s jedoucím nekolejovým vozidlem","zezadu","při přejíždění z jednoho jízdního pruhu do druhého","řidičem - motorového vozidla","property_damage",0,0,0,NULL,2,150,NULL,"déšť","povrch mokrý","ve dne - zhoršená viditelnost vlivem povětrnostních podmínek (mlha, sněžení, déšť apod.)","dobrý, bez závad","{""osobní automobil bez přívěsu""}",True,False,NULL,100,"{""skid"": ""ne"", ""year"": ""2020"", ""source"": ""police-cr"", ""locality"": ""v obci"", ""priority"": ""žádná místní úprava"", ""direction"": ""přímý úsek"", ""visibility"": ""dobré"", ""driver_state"": ""pod vlivem - léků, narkotik"", ""intersection"": ""mimo křižovatku"", ""vehicle_year"": ""13"", ""obstacle_type"": ""nepříchází v úvahu - nejedná se o srážku s pevnou překážkou"", ""road_division"": ""čtyřpruhová s dělícím pásem"", ""road_position"": ""na jízdním pruhu"", ""vehicle_brand"": ""BMW - motocykly"", ""driver_license"": ""s řidičským oprávněním skupiny - B"", ""specific_place"": ""žádné nebo žádné z uvedených"", ""traffic_control"": ""žádný způsob řízení provozu"", ""road_surface_type"": ""živice"", ""vehicle_ownership"": ""soukromé - nevyužívané k výdělečné činnosti"", ""accident_character"": ""nehoda - pouze s hmotnou škodou"", ""vehicle_damage_czk"": ""50"", ""vehicle_after_accident"": ""nedošlo k požáru"", ""driver_external_influence"": ""řidič nebyl ovlivněn""}",6538
14297,"{""police_cr"": ""060206201069""}","2020-06-27 08:45:00+00","2026-04-09 00:00:13.305186+00","2026-04-09 00:00:13.305186+00","2026-04-09 00:00:13.305186+00","0101000020E6100000DB0E99390598304050BD462915964840","Brno","Jihlavská","","monitored_road","srážka - s jedoucím nekolejovým vozidlem","z boku","při vjíždění na silnici","řidičem - motorového vozidla","property_damage",0,0,0,NULL,2,2400,NULL,"neztížené","povrch suchý - neznečištěný","ve dne - viditelnost nezhoršená vlivem povětrnostních podmínek","dobrý, bez závad","{""osobní automobil bez přívěsu""}",False,False,NULL,100,"{""skid"": ""ne"", ""year"": ""2020"", ""source"": ""police-cr"", ""locality"": ""v obci"", ""priority"": ""přednost vyznačena dopravními značkami"", ""direction"": ""přímý úsek"", ""visibility"": ""dobré"", ""driver_state"": ""dobrý - žádné nepříznivé okolnosti nebyly zjištěny"", ""intersection"": ""mimo křižovatku"", ""vehicle_year"": ""06"", ""obstacle_type"": ""nepříchází v úvahu - nejedná se o srážku s pevnou překážkou"", ""road_division"": ""dvoupruhová"", ""road_position"": ""na jízdním pruhu"", ""vehicle_brand"": ""FORD"", ""driver_license"": ""s řidičským oprávněním skupiny - C"", ""specific_place"": ""výjezd z parkoviště, lesní cesty apod.  (pol. 36 = 7,8)"", ""traffic_control"": ""místní úprava"", ""road_surface_type"": ""živice"", ""vehicle_ownership"": ""soukromé - nevyužívané k výdělečné činnosti"", ""accident_character"": ""nehoda - pouze s hmotnou škodou"", ""vehicle_damage_czk"": ""600"", ""vehicle_after_accident"": ""nedošlo k požáru"", ""driver_external_influence"": ""řidič nebyl ovlivněn""}",6501
14421,"{""police_cr"": ""060206201193""}","2020-07-09 22:00:00+00","2026-04-09 00:00:14.884154+00","2026-04-09 00:00:14.884154+00","2026-04-09 00:00:14.884154+00","0101000020E6100000CD4BBCA0669730402A9FB4A026964840","Brno","Jihlavská","","parking_rest","srážka - s vozidlem zaparkovaným, odstaveným","nepřichází v úvahu - nejedná se o srážku jedoucích vozidel","řidič se plně nevěnoval řízení vozidla","řidičem - motorového vozidla","property_damage",0,0,0,NULL,2,50,NULL,"neztížené","povrch suchý - neznečištěný","ve dne - viditelnost nezhoršená vlivem povětrnostních podmínek","dobrý, bez závad","{""nezjištěno, řidič ujel""}",False,False,NULL,100,"{""year"": ""2020"", ""source"": ""police-cr"", ""locality"": ""v obci"", ""priority"": ""žádná místní úprava"", ""direction"": ""přímý úsek"", ""visibility"": ""dobré"", ""intersection"": ""mimo křižovatku"", ""vehicle_year"": ""XX"", ""obstacle_type"": ""nepříchází v úvahu - nejedná se o srážku s pevnou překážkou"", ""road_division"": ""žádná z uvedených"", ""road_position"": ""na jízdním pruhu"", ""specific_place"": ""parkoviště přiléhající ke komunikaci"", ""traffic_control"": ""žádný způsob řízení provozu"", ""road_surface_type"": ""štěrk"", ""accident_character"": ""nehoda - pouze s hmotnou škodou"", ""vehicle_damage_czk"": ""0""}",7927