"id","external_ids","event_time","ingested_at","first_seen","last_seen","location_geog","city","street_name","road_number","road_type_code","accident_type","accident_subtype","cause_primary","cause_secondary","severity","fatalities_count","serious_injuries","minor_injuries","persons_involved","vehicles_involved","damage_czk","damage_category","weather_condition","road_surface","light_condition","road_condition","vehicle_types","alcohol_involved","drugs_involved","alcohol_level","quality_score","raw","segment_id"
14725,"{""police_cr"": ""060206201497""}","2020-08-29 13:32:00+00","2026-04-09 00:00:19.225758+00","2026-04-09 00:00:19.225758+00","2026-04-09 00:00:19.225758+00","0101000020E6100000CA4808B1BE983040FE22DD3D18964840","Brno","Jihlavská","","intersection","srážka - s jedoucím nekolejovým vozidlem","z boku","při odbočování vlevo","řidičem - motorového vozidla","property_damage",0,0,0,NULL,2,600,NULL,"neztížené","povrch suchý - neznečištěný","ve dne - viditelnost nezhoršená vlivem povětrnostních podmínek","dobrý, bez závad","{""osobní automobil bez přívěsu""}",False,False,NULL,100,"{""skid"": ""ne"", ""year"": ""2020"", ""source"": ""police-cr"", ""locality"": ""v obci"", ""priority"": ""žádná místní úprava"", ""direction"": ""křižovatka průsečná - čtyřramenná"", ""visibility"": ""dobré"", ""driver_state"": ""dobrý - žádné nepříznivé okolnosti nebyly zjištěny"", ""intersection"": ""na křižovatce - uvnitř hranic křižovatky definovaných pro systém evidence nehod (zóna 9)"", ""vehicle_year"": ""17"", ""obstacle_type"": ""nepříchází v úvahu - nejedná se o srážku s pevnou překážkou"", ""road_division"": ""vícepruhová"", ""road_position"": ""na jízdním pruhu"", ""vehicle_brand"": ""VOLKSWAGEN"", ""driver_license"": ""s řidičským oprávněním skupiny - B"", ""specific_place"": ""žádné nebo žádné z uvedených"", ""traffic_control"": ""světelným signalizačním zařízením"", ""road_surface_type"": ""živice"", ""vehicle_ownership"": ""soukromá organizace - (podnikatel, s.r.o., v.o.s., a.s., atd.)"", ""accident_character"": ""nehoda - pouze s hmotnou škodou"", ""vehicle_damage_czk"": ""500"", ""vehicle_after_accident"": ""nedošlo k požáru"", ""driver_external_influence"": ""řidič nebyl ovlivněn""}",6516
14752,"{""police_cr"": ""060206201524""}","2020-09-03 05:30:00+00","2026-04-09 00:00:19.639837+00","2026-04-09 00:00:19.639837+00","2026-04-09 00:00:19.639837+00","0101000020E61000008EB8F500BD933040A83B0A8E34964840","Brno","Jihlavská","","monitored_road","srážka - s jedoucím nekolejovým vozidlem","zezadu","řidič se plně nevěnoval řízení vozidla","řidičem - motorového vozidla","property_damage",0,0,0,NULL,2,2800,NULL,"neztížené","povrch suchý - neznečištěný","ve dne - viditelnost nezhoršená vlivem povětrnostních podmínek","dobrý, bez závad","{autobus}",False,False,NULL,100,"{""skid"": ""ne"", ""year"": ""2020"", ""source"": ""police-cr"", ""locality"": ""v obci"", ""priority"": ""žádná místní úprava"", ""direction"": ""přímý úsek"", ""visibility"": ""dobré"", ""driver_state"": ""dobrý - žádné nepříznivé okolnosti nebyly zjištěny"", ""intersection"": ""mimo křižovatku"", ""vehicle_year"": ""06"", ""obstacle_type"": ""nepříchází v úvahu - nejedná se o srážku s pevnou překážkou"", ""road_division"": ""čtyřpruhová s dělící čarou"", ""road_position"": ""na jízdním pruhu"", ""vehicle_brand"": ""KAROSA"", ""driver_license"": ""s řidičským oprávněním skupiny - D"", ""specific_place"": ""zastávka autobusu, trolejbusu, tramvaje s nástup. ostrůvkem"", ""traffic_control"": ""žádný způsob řízení provozu"", ""road_surface_type"": ""živice"", ""vehicle_ownership"": ""veřejná hromadná doprava"", ""accident_character"": ""nehoda - pouze s hmotnou škodou"", ""vehicle_damage_czk"": ""2000"", ""vehicle_after_accident"": ""žádná z uvedených"", ""driver_external_influence"": ""řidič nebyl ovlivněn""}",8107
14983,"{""police_cr"": ""060206201755""}","2020-10-02 10:55:00+00","2026-04-09 00:00:22.93551+00","2026-04-09 00:00:22.93551+00","2026-04-09 00:00:22.93551+00","0101000020E6100000FCE02A293B9430403E6BFEC431964840","Brno","Jihlavská","","intersection","srážka - s jedoucím nekolejovým vozidlem","z boku","jízda na ""červenou"" 3-barevného semaforu","řidičem - motorového vozidla","minor",0,0,2,NULL,2,6900,NULL,"neztížené","povrch suchý - neznečištěný","ve dne - viditelnost nezhoršená vlivem povětrnostních podmínek","dobrý, bez závad","{""nákladní automobil (včetně multikáry, autojeřábu, cisterny atd.)""}",False,False,NULL,100,"{""skid"": ""ne"", ""year"": ""2020"", ""source"": ""police-cr"", ""locality"": ""v obci"", ""priority"": ""žádná místní úprava"", ""direction"": ""křižovatka styková - tříramenná"", ""visibility"": ""dobré"", ""driver_state"": ""dobrý - žádné nepříznivé okolnosti nebyly zjištěny"", ""intersection"": ""na křižovatce - uvnitř hranic křižovatky definovaných pro systém evidence nehod (zóna 9)"", ""vehicle_year"": ""06"", ""obstacle_type"": ""nepříchází v úvahu - nejedná se o srážku s pevnou překážkou"", ""road_division"": ""dvoupruhová"", ""road_position"": ""na jízdním pruhu"", ""vehicle_brand"": ""TATRA"", ""driver_license"": ""s řidičským oprávněním skupiny - C"", ""specific_place"": ""v blízkosti přechodu pro chodce (do vzdálenosti 20 m)"", ""traffic_control"": ""světelným signalizačním zařízením"", ""road_surface_type"": ""živice"", ""vehicle_ownership"": ""soukromá organizace - (podnikatel, s.r.o., v.o.s., a.s., atd.)"", ""accident_character"": ""nehoda - s následky na životě"", ""vehicle_damage_czk"": ""900"", ""vehicle_after_accident"": ""žádná z uvedených"", ""driver_external_influence"": ""řidič nebyl ovlivněn""}",7983
15569,"{""police_cr"": ""060306200114""}","2020-02-02 05:35:00+00","2026-04-09 00:00:30.717496+00","2026-04-09 00:00:30.717496+00","2026-04-09 00:00:30.717496+00","0101000020E61000005F7F89A81581304077B5E6C6A1964840","Troubsko","Jihlavská","602","secondary","srážka - s pevnou překážkou","nepřichází v úvahu - nejedná se o srážku jedoucích vozidel","řidič se plně nevěnoval řízení vozidla","řidičem - motorového vozidla","property_damage",0,0,0,NULL,1,330,NULL,"neztížené","povrch mokrý","v noci - s veřejným osvětlením, viditelnost nezhoršená vlivem povětrnostních podmínek","dobrý, bez závad","{""osobní automobil bez přívěsu""}",False,False,NULL,100,"{""skid"": ""ne"", ""year"": ""2020"", ""source"": ""police-cr"", ""locality"": ""v obci"", ""priority"": ""přednost vyznačena dopravními značkami"", ""direction"": ""kruhový objezd"", ""visibility"": ""dobré"", ""driver_state"": ""dobrý - žádné nepříznivé okolnosti nebyly zjištěny"", ""intersection"": ""mimo zónu 11-19 a 22-28"", ""vehicle_year"": ""08"", ""obstacle_type"": ""jiná překážka - (zábradlí, oplocení, násep, nástupní ostrůvek apod.)"", ""road_division"": ""dvoupruhová"", ""road_position"": ""na chodníku nebo ostrůvku"", ""vehicle_brand"": ""PEUGEOT"", ""driver_license"": ""s řidičským oprávněním skupiny - C"", ""specific_place"": ""přechod pro chodce"", ""traffic_control"": ""místní úprava"", ""intersecting_road"": ""3"", ""road_surface_type"": ""živice"", ""vehicle_ownership"": ""soukromé - nevyužívané k výdělečné činnosti"", ""accident_character"": ""nehoda - pouze s hmotnou škodou"", ""vehicle_damage_czk"": ""300"", ""vehicle_after_accident"": ""žádná z uvedených"", ""driver_external_influence"": ""řidič nebyl ovlivněn""}",9232
15908,"{""police_cr"": ""060306201032""}","2020-10-14 17:00:00+00","2026-04-09 00:00:35.506397+00","2026-04-09 00:00:35.506397+00","2026-04-09 00:00:35.506397+00","0101000020E6100000B6DCCE9D24843040762C58C16C964840","Brno","Jihlavská","602","secondary","srážka - s lesní zvěří","nepřichází v úvahu - nejedná se o srážku jedoucích vozidel","nezaviněná řidičem","lesní zvěří, domácím zvířectvem","property_damage",0,0,0,NULL,1,250,NULL,"déšť","povrch mokrý","v noci - bez veřejného osvětlení, viditelnost zhoršená vlivem povětrnostních podmínek (mlha, déšť, sněžení apod.)","dobrý, bez závad","{""osobní automobil bez přívěsu""}",False,False,NULL,100,"{""skid"": ""ne"", ""year"": ""2020"", ""source"": ""police-cr"", ""locality"": ""mimo obec"", ""priority"": ""žádná místní úprava"", ""direction"": ""přímý úsek"", ""visibility"": ""dobré"", ""driver_state"": ""dobrý - žádné nepříznivé okolnosti nebyly zjištěny"", ""intersection"": ""mimo křižovatku"", ""vehicle_year"": ""17"", ""obstacle_type"": ""nepříchází v úvahu - nejedná se o srážku s pevnou překážkou"", ""road_division"": ""dvoupruhová"", ""road_position"": ""na jízdním pruhu"", ""vehicle_brand"": ""PEUGEOT"", ""driver_license"": ""s řidičským oprávněním skupiny - B"", ""specific_place"": ""žádné nebo žádné z uvedených"", ""traffic_control"": ""žádný způsob řízení provozu"", ""road_surface_type"": ""živice"", ""vehicle_ownership"": ""soukromé - nevyužívané k výdělečné činnosti"", ""accident_character"": ""nehoda - pouze s hmotnou škodou"", ""vehicle_damage_czk"": ""200"", ""vehicle_after_accident"": ""žádná z uvedených"", ""driver_external_influence"": ""řidič nebyl ovlivněn""}",9262
15925,"{""police_cr"": ""060306201078""}","2020-10-29 11:00:00+00","2026-04-09 00:00:35.761759+00","2026-04-09 00:00:35.761759+00","2026-04-09 00:00:35.761759+00","0101000020E6100000E4285C3DDC803040F8F813DFA3964840","Troubsko","Jihlavská","602","secondary","srážka - s jedoucím nekolejovým vozidlem","zezadu","nedodržení bezpečné vzdálenosti za vozidlem","řidičem - motorového vozidla","property_damage",0,0,0,NULL,3,1900,NULL,"déšť","povrch mokrý","ve dne - zhoršená viditelnost vlivem povětrnostních podmínek (mlha, sněžení, déšť apod.)","dobrý, bez závad","{""osobní automobil bez přívěsu""}",False,False,NULL,100,"{""skid"": ""ne"", ""year"": ""2020"", ""source"": ""police-cr"", ""locality"": ""v obci"", ""priority"": ""žádná místní úprava"", ""direction"": ""přímý úsek"", ""visibility"": ""dobré"", ""driver_state"": ""dobrý - žádné nepříznivé okolnosti nebyly zjištěny"", ""intersection"": ""mimo křižovatku"", ""vehicle_year"": ""18"", ""obstacle_type"": ""nepříchází v úvahu - nejedná se o srážku s pevnou překážkou"", ""road_division"": ""dvoupruhová"", ""road_position"": ""na jízdním pruhu"", ""vehicle_brand"": ""ŠKODA"", ""driver_license"": ""s řidičským oprávněním skupiny - B"", ""specific_place"": ""žádné nebo žádné z uvedených"", ""traffic_control"": ""žádný způsob řízení provozu"", ""road_surface_type"": ""živice"", ""vehicle_ownership"": ""soukromá organizace - (podnikatel, s.r.o., v.o.s., a.s., atd.)"", ""accident_character"": ""nehoda - pouze s hmotnou škodou"", ""vehicle_damage_czk"": ""1200"", ""vehicle_after_accident"": ""žádná z uvedených"", ""driver_external_influence"": ""řidič nebyl ovlivněn""}",9210
15951,"{""police_cr"": ""060306201161""}","2020-11-27 06:30:00+00","2026-04-09 00:00:36.102099+00","2026-04-09 00:00:36.102099+00","2026-04-09 00:00:36.102099+00","0101000020E6100000EBE02608A9823040C7BCFA2A87964840","Brno","Jihlavská","602","secondary","srážka - s jedoucím nekolejovým vozidlem","zezadu","řidič se plně nevěnoval řízení vozidla","řidičem - motorového vozidla","minor",0,0,1,NULL,2,300,NULL,"mlha","povrch mokrý","ve dne - zhoršená viditelnost vlivem povětrnostních podmínek (mlha, sněžení, déšť apod.)","dobrý, bez závad","{""osobní automobil bez přívěsu""}",False,False,NULL,100,"{""skid"": ""ano"", ""year"": ""2020"", ""source"": ""police-cr"", ""locality"": ""mimo obec"", ""priority"": ""žádná místní úprava"", ""direction"": ""přímý úsek"", ""visibility"": ""dobré"", ""driver_state"": ""dobrý - žádné nepříznivé okolnosti nebyly zjištěny"", ""intersection"": ""mimo křižovatku"", ""vehicle_year"": ""15"", ""obstacle_type"": ""nepříchází v úvahu - nejedná se o srážku s pevnou překážkou"", ""road_division"": ""dvoupruhová"", ""road_position"": ""na jízdním pruhu"", ""vehicle_brand"": ""FORD"", ""driver_license"": ""s řidičským oprávněním skupiny - B"", ""specific_place"": ""žádné nebo žádné z uvedených"", ""traffic_control"": ""žádný způsob řízení provozu"", ""road_surface_type"": ""živice"", ""vehicle_ownership"": ""soukromé - nevyužívané k výdělečné činnosti"", ""accident_character"": ""nehoda - s následky na životě"", ""vehicle_damage_czk"": ""100"", ""vehicle_after_accident"": ""nedošlo k požáru"", ""driver_external_influence"": ""řidič nebyl ovlivněn""}",9262
16324,"{""police_cr"": ""060206190124""}","2019-01-18 04:40:00+00","2026-04-09 00:00:43.076167+00","2026-04-09 00:00:43.076167+00","2026-04-09 00:00:43.076167+00","0101000020E61000004FCAF9619E943040CAF1AE6831964840","Brno","Jihlavská","","monitored_road","srážka - s jedoucím nekolejovým vozidlem","boční","při přejíždění z jednoho jízdního pruhu do druhého","řidičem - motorového vozidla","property_damage",0,0,0,NULL,2,1450,NULL,"neztížené","povrch suchý - neznečištěný","v noci - s veřejným osvětlením, viditelnost nezhoršená vlivem povětrnostních podmínek","dobrý, bez závad","{""osobní automobil bez přívěsu""}",False,False,NULL,100,"{""skid"": ""ne"", ""year"": ""2019"", ""source"": ""police-cr"", ""locality"": ""v obci"", ""priority"": ""žádná místní úprava"", ""direction"": ""přímý úsek"", ""visibility"": ""dobré"", ""driver_state"": ""dobrý - žádné nepříznivé okolnosti nebyly zjištěny"", ""intersection"": ""mimo křižovatku"", ""vehicle_year"": ""18"", ""obstacle_type"": ""nepříchází v úvahu - nejedná se o srážku s pevnou překážkou"", ""road_division"": ""čtyřpruhová s dělící čarou"", ""road_position"": ""na jízdním pruhu"", ""vehicle_brand"": ""BMW - motocykly"", ""driver_license"": ""s řidičským oprávněním skupiny - B"", ""specific_place"": ""čerpadlo pohonných hmot"", ""traffic_control"": ""žádný způsob řízení provozu"", ""road_surface_type"": ""živice"", ""vehicle_ownership"": ""soukromá organizace - (podnikatel, s.r.o., v.o.s., a.s., atd.)"", ""accident_character"": ""nehoda - pouze s hmotnou škodou"", ""vehicle_damage_czk"": ""900"", ""vehicle_after_accident"": ""nedošlo k požáru"", ""driver_external_influence"": ""řidič nebyl ovlivněn""}",7966
16478,"{""police_cr"": ""060206190278""}","2019-02-14 11:30:00+00","2026-04-09 00:00:45.050908+00","2026-04-09 00:00:45.050908+00","2026-04-09 00:00:45.050908+00","0101000020E61000008B990EC8939330408098145336964840","Brno","Jihlavská","","monitored_road","srážka - s chodcem","nepřichází v úvahu - nejedná se o srážku jedoucích vozidel","chodci na vyznačeném přechodu","řidičem - motorového vozidla","minor",0,0,1,NULL,1,50,NULL,"neztížené","povrch suchý - neznečištěný","ve dne - viditelnost nezhoršená vlivem povětrnostních podmínek","dobrý, bez závad","{""osobní automobil bez přívěsu""}",False,False,NULL,100,"{""skid"": ""ne"", ""year"": ""2019"", ""source"": ""police-cr"", ""locality"": ""v obci"", ""priority"": ""žádná místní úprava"", ""direction"": ""přímý úsek"", ""visibility"": ""dobré"", ""driver_state"": ""dobrý - žádné nepříznivé okolnosti nebyly zjištěny"", ""intersection"": ""mimo křižovatku"", ""vehicle_year"": ""09"", ""obstacle_type"": ""nepříchází v úvahu - nejedná se o srážku s pevnou překážkou"", ""road_division"": ""čtyřpruhová s dělícím pásem"", ""road_position"": ""na jízdním pruhu"", ""vehicle_brand"": ""BMW - motocykly"", ""driver_license"": ""s řidičským oprávněním skupiny - B"", ""specific_place"": ""přechod pro chodce"", ""traffic_control"": ""žádný způsob řízení provozu"", ""road_surface_type"": ""živice"", ""vehicle_ownership"": ""soukromé - nevyužívané k výdělečné činnosti"", ""accident_character"": ""nehoda - s následky na životě"", ""vehicle_damage_czk"": ""50"", ""vehicle_after_accident"": ""žádná z uvedených"", ""driver_external_influence"": ""řidič nebyl ovlivněn""}",8107
16849,"{""police_cr"": ""060206190649""}","2019-04-01 05:40:00+00","2026-04-09 00:00:49.91544+00","2026-04-09 00:00:49.91544+00","2026-04-09 00:00:49.91544+00","0101000020E6100000284933529698304060E35BD113964840","Brno","Jihlavská","","monitored_road","srážka - s jedoucím nekolejovým vozidlem","boční","řidič se plně nevěnoval řízení vozidla","řidičem - motorového vozidla","property_damage",0,0,0,NULL,2,200,NULL,"neztížené","povrch suchý - neznečištěný","ve dne - viditelnost nezhoršená vlivem povětrnostních podmínek","dobrý, bez závad","{""nezjištěno, řidič ujel""}",False,False,NULL,100,"{""year"": ""2019"", ""source"": ""police-cr"", ""locality"": ""v obci"", ""priority"": ""žádná místní úprava"", ""direction"": ""přímý úsek"", ""visibility"": ""dobré"", ""intersection"": ""mimo křižovatku"", ""vehicle_year"": ""XX"", ""obstacle_type"": ""nepříchází v úvahu - nejedná se o srážku s pevnou překážkou"", ""road_division"": ""dvoupruhová"", ""road_position"": ""na jízdním pruhu"", ""specific_place"": ""žádné nebo žádné z uvedených"", ""traffic_control"": ""žádný způsob řízení provozu"", ""road_surface_type"": ""živice"", ""accident_character"": ""nehoda - pouze s hmotnou škodou"", ""vehicle_damage_czk"": ""0""}",6501
17227,"{""police_cr"": ""060206191027""}","2019-05-21 12:35:00+00","2026-04-09 00:00:54.705322+00","2026-04-09 00:00:54.705322+00","2026-04-09 00:00:54.705322+00","0101000020E61000009CCE9D15DC923040A75CC5D83A964840","Brno","Jihlavská","","monitored_road","srážka - s jedoucím nekolejovým vozidlem","boční","při vjíždění na silnici","řidičem - motorového vozidla","minor",0,0,1,NULL,2,250,NULL,"neztížené","povrch suchý - neznečištěný","ve dne - viditelnost nezhoršená vlivem povětrnostních podmínek","dobrý, bez závad","{""osobní automobil bez přívěsu""}",False,False,NULL,100,"{""skid"": ""ne"", ""year"": ""2019"", ""source"": ""police-cr"", ""locality"": ""v obci"", ""priority"": ""přednost vyznačena dopravními značkami"", ""direction"": ""přímý úsek"", ""visibility"": ""dobré"", ""driver_state"": ""dobrý - žádné nepříznivé okolnosti nebyly zjištěny"", ""intersection"": ""mimo křižovatku"", ""vehicle_year"": ""07"", ""obstacle_type"": ""nepříchází v úvahu - nejedná se o srážku s pevnou překážkou"", ""road_division"": ""čtyřpruhová s dělící čarou"", ""road_position"": ""na jízdním pruhu"", ""vehicle_brand"": ""VOLKSWAGEN"", ""driver_license"": ""s řidičským oprávněním skupiny - B"", ""specific_place"": ""parkoviště přiléhající ke komunikaci"", ""traffic_control"": ""místní úprava"", ""road_surface_type"": ""živice"", ""vehicle_ownership"": ""soukromé - nevyužívané k výdělečné činnosti"", ""accident_character"": ""nehoda - s následky na životě"", ""vehicle_damage_czk"": ""150"", ""vehicle_after_accident"": ""nedošlo k požáru"", ""driver_external_influence"": ""řidič nebyl ovlivněn""}",8107
17550,"{""police_cr"": ""060206191350""}","2019-06-25 05:00:00+00","2026-04-09 00:00:58.924694+00","2026-04-09 00:00:58.924694+00","2026-04-09 00:00:58.924694+00","0101000020E6100000C42364573B99304048ED201015964840","Brno","Jihlavská","","monitored_road","srážka - s jedoucím nekolejovým vozidlem","boční","řidič se plně nevěnoval řízení vozidla","řidičem - motorového vozidla","property_damage",0,0,0,NULL,2,200,NULL,"neztížené","povrch suchý - neznečištěný","ve dne - viditelnost nezhoršená vlivem povětrnostních podmínek","dobrý, bez závad","{""nezjištěno, řidič ujel""}",False,False,NULL,100,"{""year"": ""2019"", ""source"": ""police-cr"", ""locality"": ""v obci"", ""priority"": ""žádná místní úprava"", ""direction"": ""přímý úsek"", ""visibility"": ""dobré"", ""intersection"": ""mimo křižovatku"", ""vehicle_year"": ""XX"", ""obstacle_type"": ""nepříchází v úvahu - nejedná se o srážku s pevnou překážkou"", ""road_division"": ""čtyřpruhová s dělícím pásem"", ""road_position"": ""na jízdním pruhu"", ""specific_place"": ""žádné nebo žádné z uvedených"", ""traffic_control"": ""žádný způsob řízení provozu"", ""road_surface_type"": ""živice"", ""accident_character"": ""nehoda - pouze s hmotnou škodou"", ""vehicle_damage_czk"": ""0""}",6527
17570,"{""police_cr"": ""060206191370""}","2019-06-28 03:35:00+00","2026-04-09 00:00:59.155424+00","2026-04-09 00:00:59.155424+00","2026-04-09 00:00:59.155424+00","0101000020E6100000DCB17676DA953040F4757E9423964840","Brno","Jihlavská","","monitored_road","srážka - s jedoucím nekolejovým vozidlem","boční","při přejíždění z jednoho jízdního pruhu do druhého","řidičem - motorového vozidla","property_damage",0,0,0,NULL,2,310,NULL,"neztížené","povrch suchý - neznečištěný","ve dne - viditelnost nezhoršená vlivem povětrnostních podmínek","dobrý, bez závad","{""osobní automobil bez přívěsu""}",False,False,NULL,100,"{""skid"": ""ne"", ""year"": ""2019"", ""source"": ""police-cr"", ""locality"": ""v obci"", ""priority"": ""žádná místní úprava"", ""direction"": ""přímý úsek"", ""visibility"": ""dobré"", ""intersection"": ""mimo křižovatku"", ""vehicle_year"": ""01"", ""obstacle_type"": ""nepříchází v úvahu - nejedná se o srážku s pevnou překážkou"", ""road_division"": ""čtyřpruhová s dělícím pásem"", ""road_position"": ""na jízdním pruhu"", ""vehicle_brand"": ""AUDI"", ""driver_license"": ""nezjištěno, řidič místo nehody opustil - (u p44 je kód 17, nebo u p50a je kód 4)"", ""specific_place"": ""žádné nebo žádné z uvedených"", ""traffic_control"": ""žádný způsob řízení provozu"", ""road_surface_type"": ""živice"", ""vehicle_ownership"": ""soukromé - nevyužívané k výdělečné činnosti"", ""accident_character"": ""nehoda - pouze s hmotnou škodou"", ""vehicle_damage_czk"": ""10"", ""vehicle_after_accident"": ""nedošlo k požáru""}",7953
17923,"{""police_cr"": ""060206191723""}","2019-08-21 05:20:00+00","2026-04-09 00:01:04.234554+00","2026-04-09 00:01:04.234554+00","2026-04-09 00:01:04.234554+00","0101000020E61000002D993B2A51953040B027EDFB2E964840","Brno","Jihlavská","","intersection","srážka - s jedoucím nekolejovým vozidlem","z boku","při odbočování vlevo","řidičem - motorového vozidla","minor",0,0,1,NULL,2,30,NULL,"neztížené","povrch suchý - neznečištěný","ve dne - viditelnost nezhoršená vlivem povětrnostních podmínek","dobrý, bez závad","{""osobní automobil bez přívěsu""}",False,False,NULL,100,"{""skid"": ""ne"", ""year"": ""2019"", ""source"": ""police-cr"", ""locality"": ""v obci"", ""priority"": ""žádná místní úprava"", ""direction"": ""křižovatka průsečná - čtyřramenná"", ""visibility"": ""dobré"", ""driver_state"": ""dobrý - žádné nepříznivé okolnosti nebyly zjištěny"", ""intersection"": ""na křižovatce - uvnitř hranic křižovatky definovaných pro systém evidence nehod (zóna 9)"", ""vehicle_year"": ""06"", ""obstacle_type"": ""nepříchází v úvahu - nejedná se o srážku s pevnou překážkou"", ""road_division"": ""čtyřpruhová s dělící čarou"", ""road_position"": ""na jízdním pruhu"", ""vehicle_brand"": ""HONDA"", ""driver_license"": ""s řidičským oprávněním skupiny - B"", ""specific_place"": ""v blízkosti přechodu pro chodce (do vzdálenosti 20 m)"", ""traffic_control"": ""světelným signalizačním zařízením"", ""road_surface_type"": ""živice"", ""vehicle_ownership"": ""soukromá organizace - (podnikatel, s.r.o., v.o.s., a.s., atd.)"", ""accident_character"": ""nehoda - s následky na životě"", ""vehicle_damage_czk"": ""0"", ""vehicle_after_accident"": ""nedošlo k požáru"", ""driver_external_influence"": ""řidič nebyl ovlivněn""}",7959
18092,"{""police_cr"": ""060206191892""}","2019-09-12 08:05:00+00","2026-04-09 00:01:09.172578+00","2026-04-09 00:01:09.172578+00","2026-04-09 00:01:09.172578+00","0101000020E6100000CD562F2C988B304083C6864234964840","Brno","Jihlavská","","monitored_road","srážka - s jedoucím nekolejovým vozidlem","zezadu","nedodržení bezpečné vzdálenosti za vozidlem","řidičem - motorového vozidla","minor",0,0,1,NULL,2,500,NULL,"neztížené","povrch suchý - neznečištěný","ve dne - viditelnost nezhoršená vlivem povětrnostních podmínek","dobrý, bez závad","{""nákladní automobil (včetně multikáry, autojeřábu, cisterny atd.)""}",False,False,NULL,100,"{""skid"": ""ne"", ""year"": ""2019"", ""source"": ""police-cr"", ""locality"": ""v obci"", ""priority"": ""žádná místní úprava"", ""direction"": ""přímý úsek"", ""visibility"": ""dobré"", ""driver_state"": ""dobrý - žádné nepříznivé okolnosti nebyly zjištěny"", ""intersection"": ""mimo křižovatku"", ""vehicle_year"": ""08"", ""obstacle_type"": ""nepříchází v úvahu - nejedná se o srážku s pevnou překážkou"", ""road_division"": ""třípruhová"", ""road_position"": ""na jízdním pruhu"", ""vehicle_brand"": ""ŠKODA"", ""driver_license"": ""s řidičským oprávněním skupiny - B"", ""specific_place"": ""žádné nebo žádné z uvedených"", ""traffic_control"": ""žádný způsob řízení provozu"", ""road_surface_type"": ""živice"", ""vehicle_ownership"": ""soukromá organizace - (podnikatel, s.r.o., v.o.s., a.s., atd.)"", ""accident_character"": ""nehoda - s následky na životě"", ""vehicle_damage_czk"": ""400"", ""vehicle_after_accident"": ""nedošlo k požáru"", ""driver_external_influence"": ""řidič nebyl ovlivněn""}",8527
18287,"{""police_cr"": ""060206192087""}","2019-10-03 13:15:00+00","2026-04-09 00:01:13.20223+00","2026-04-09 00:01:13.20223+00","2026-04-09 00:01:13.20223+00","0101000020E61000005579F533B9933040FE7627B73A964840","Brno","Jihlavská","","monitored_road","srážka - s jedoucím nekolejovým vozidlem","zezadu","nedodržení bezpečné vzdálenosti za vozidlem","řidičem - motorového vozidla","minor",0,0,1,NULL,3,400,NULL,"neztížené","povrch mokrý","ve dne - viditelnost nezhoršená vlivem povětrnostních podmínek","dobrý, bez závad","{""nákladní automobil (včetně multikáry, autojeřábu, cisterny atd.)""}",False,False,NULL,100,"{""skid"": ""ne"", ""year"": ""2019"", ""source"": ""police-cr"", ""locality"": ""v obci"", ""priority"": ""žádná místní úprava"", ""direction"": ""přímý úsek"", ""visibility"": ""dobré"", ""driver_state"": ""dobrý - žádné nepříznivé okolnosti nebyly zjištěny"", ""intersection"": ""mimo křižovatku"", ""vehicle_year"": ""12"", ""obstacle_type"": ""nepříchází v úvahu - nejedná se o srážku s pevnou překážkou"", ""road_division"": ""čtyřpruhová s dělící čarou"", ""road_position"": ""na jízdním pruhu"", ""vehicle_brand"": ""RENAULT"", ""driver_license"": ""s řidičským oprávněním skupiny - C"", ""specific_place"": ""v blízkosti přechodu pro chodce (do vzdálenosti 20 m)"", ""traffic_control"": ""žádný způsob řízení provozu"", ""road_surface_type"": ""živice"", ""vehicle_ownership"": ""soukromá organizace - (podnikatel, s.r.o., v.o.s., a.s., atd.)"", ""accident_character"": ""nehoda - s následky na životě"", ""vehicle_damage_czk"": ""100"", ""vehicle_after_accident"": ""nedošlo k požáru"", ""driver_external_influence"": ""řidič nebyl ovlivněn""}",8107