"id","external_ids","event_time","ingested_at","first_seen","last_seen","location_geog","city","street_name","road_number","road_type_code","accident_type","accident_subtype","cause_primary","cause_secondary","severity","fatalities_count","serious_injuries","minor_injuries","persons_involved","vehicles_involved","damage_czk","damage_category","weather_condition","road_surface","light_condition","road_condition","vehicle_types","alcohol_involved","drugs_involved","alcohol_level","quality_score","raw","segment_id"
23085,"{""police_cr"": ""060206170121""}","2017-01-18 04:37:00+00","2026-04-09 00:02:28.961547+00","2026-04-09 00:02:28.961547+00","2026-04-09 00:02:28.961547+00","0101000020E610000047D627AD678B304097C43B9A37964840","Brno","Jihlavská","","monitored_road","srážka - s pevnou překážkou","nepřichází v úvahu - nejedná se o srážku jedoucích vozidel","řidič se plně nevěnoval řízení vozidla","řidičem - motorového vozidla","property_damage",0,0,0,NULL,1,220,NULL,"neztížené","povrch mokrý","v noci - bez veřejného osvětlení, viditelnost nezhoršená vlivem povětrnostních podmínek","dobrý, bez závad","{autobus}",False,False,NULL,100,"{""skid"": ""ne"", ""year"": ""2017"", ""source"": ""police-cr"", ""locality"": ""v obci"", ""priority"": ""přednost vyznačena dopravními značkami"", ""direction"": ""křižovatka styková - tříramenná"", ""visibility"": ""dobré"", ""driver_state"": ""dobrý - žádné nepříznivé okolnosti nebyly zjištěny"", ""intersection"": ""na kžižovatce - jedná-li se o křížení místních komunikací, účelových komunikací nebo jde o mezilehlou křižovatku (na sledovaném úseku ve sledovaných městech)"", ""vehicle_year"": ""09"", ""obstacle_type"": ""odrazník, patník, - sloupek směrový, sloupek dopravní značky apod."", ""road_division"": ""čtyřpruhová s dělícím pásem"", ""road_position"": ""na jízdním pruhu"", ""vehicle_brand"": ""jiné vyrobené mimo ČR"", ""driver_license"": ""s řidičským oprávněním skupiny - D"", ""specific_place"": ""žádné nebo žádné z uvedených"", ""traffic_control"": ""místní úprava"", ""road_surface_type"": ""živice"", ""vehicle_ownership"": ""městská hromadná doprava"", ""accident_character"": ""nehoda - pouze s hmotnou škodou"", ""vehicle_damage_czk"": ""200"", ""vehicle_after_accident"": ""nedošlo k požáru"", ""driver_external_influence"": ""řidič nebyl ovlivněn""}",8527
23324,"{""police_cr"": ""060206170361""}","2017-02-21 17:35:00+00","2026-04-09 00:02:32.207567+00","2026-04-09 00:02:32.207567+00","2026-04-09 00:02:32.207567+00","0101000020E6100000AC85DFCE82933040ED4BA50B37964840","Brno","Jihlavská","","monitored_road","srážka - s chodcem","nepřichází v úvahu - nejedná se o srážku jedoucích vozidel","chodci na vyznačeném přechodu","řidičem - motorového vozidla","serious",0,1,0,NULL,1,200,NULL,"neztížené","povrch mokrý","v noci - s veřejným osvětlením, viditelnost nezhoršená vlivem povětrnostních podmínek","dobrý, bez závad","{""osobní automobil bez přívěsu""}",False,False,NULL,100,"{""skid"": ""ne"", ""year"": ""2017"", ""source"": ""police-cr"", ""locality"": ""v obci"", ""priority"": ""žádná místní úprava"", ""direction"": ""přímý úsek"", ""visibility"": ""dobré"", ""driver_state"": ""dobrý - žádné nepříznivé okolnosti nebyly zjištěny"", ""intersection"": ""mimo křižovatku"", ""vehicle_year"": ""15"", ""obstacle_type"": ""nepříchází v úvahu - nejedná se o srážku s pevnou překážkou"", ""road_division"": ""čtyřpruhová s dělícím pásem"", ""road_position"": ""na jízdním pruhu"", ""vehicle_brand"": ""CITROEN"", ""driver_license"": ""s řidičským oprávněním skupiny - B"", ""specific_place"": ""přechod pro chodce"", ""traffic_control"": ""žádný způsob řízení provozu"", ""road_surface_type"": ""živice"", ""vehicle_ownership"": ""soukromé - nevyužívané k výdělečné činnosti"", ""accident_character"": ""nehoda - s následky na životě"", ""vehicle_damage_czk"": ""200"", ""vehicle_after_accident"": ""nedošlo k požáru"", ""driver_external_influence"": ""řidič nebyl ovlivněn""}",8107
23485,"{""police_cr"": ""060206170522""}","2017-03-18 18:11:00+00","2026-04-09 00:02:34.175697+00","2026-04-09 00:02:34.175697+00","2026-04-09 00:02:34.175697+00","0101000020E610000042E7A6E68C93304079934FD936964840","Brno","Jihlavská","","monitored_road","srážka - s chodcem","nepřichází v úvahu - nejedná se o srážku jedoucích vozidel","chodci na vyznačeném přechodu","řidičem - motorového vozidla","serious",0,1,0,NULL,1,60,NULL,"neztížené","povrch mokrý","v noci - s veřejným osvětlením, viditelnost nezhoršená vlivem povětrnostních podmínek","dobrý, bez závad","{""osobní automobil bez přívěsu""}",False,False,NULL,100,"{""skid"": ""ne"", ""year"": ""2017"", ""source"": ""police-cr"", ""locality"": ""v obci"", ""priority"": ""žádná místní úprava"", ""direction"": ""přímý úsek"", ""visibility"": ""dobré"", ""driver_state"": ""dobrý - žádné nepříznivé okolnosti nebyly zjištěny"", ""intersection"": ""mimo křižovatku"", ""vehicle_year"": ""04"", ""obstacle_type"": ""nepříchází v úvahu - nejedná se o srážku s pevnou překážkou"", ""road_division"": ""čtyřpruhová s dělícím pásem"", ""road_position"": ""na jízdním pruhu"", ""vehicle_brand"": ""jiné vyrobené mimo ČR"", ""driver_license"": ""s řidičským oprávněním skupiny - B"", ""specific_place"": ""přechod pro chodce"", ""traffic_control"": ""žádný způsob řízení provozu"", ""road_surface_type"": ""živice"", ""vehicle_ownership"": ""soukromé - nevyužívané k výdělečné činnosti"", ""accident_character"": ""nehoda - s následky na životě"", ""vehicle_damage_czk"": ""50"", ""vehicle_after_accident"": ""žádná z uvedených"", ""driver_external_influence"": ""řidič nebyl ovlivněn""}",8107
23677,"{""police_cr"": ""060206170714""}","2017-04-11 08:00:00+00","2026-04-09 00:02:37.85443+00","2026-04-09 00:02:37.85443+00","2026-04-09 00:02:37.85443+00","0101000020E61000004B94C8961A983040BA9716891A964840","Brno","Jihlavská","","monitored_road","srážka - s jedoucím nekolejovým vozidlem","čelní","řidič se plně nevěnoval řízení vozidla","řidičem - motorového vozidla","minor",0,0,2,NULL,2,500,NULL,"neztížené","povrch suchý - neznečištěný","ve dne - viditelnost nezhoršená vlivem povětrnostních podmínek","dobrý, bez závad","{""osobní automobil bez přívěsu""}",False,False,NULL,100,"{""skid"": ""ne"", ""year"": ""2017"", ""source"": ""police-cr"", ""locality"": ""v obci"", ""priority"": ""žádná místní úprava"", ""direction"": ""přímý úsek"", ""visibility"": ""dobré"", ""driver_state"": ""dobrý - žádné nepříznivé okolnosti nebyly zjištěny"", ""intersection"": ""mimo křižovatku"", ""vehicle_year"": ""10"", ""obstacle_type"": ""nepříchází v úvahu - nejedná se o srážku s pevnou překážkou"", ""road_division"": ""dvoupruhová"", ""road_position"": ""na jízdním pruhu"", ""vehicle_brand"": ""VOLKSWAGEN"", ""driver_license"": ""s řidičským oprávněním skupiny - B"", ""specific_place"": ""žádné nebo žádné z uvedených"", ""traffic_control"": ""žádný způsob řízení provozu"", ""road_surface_type"": ""živice"", ""vehicle_ownership"": ""soukromé - nevyužívané k výdělečné činnosti"", ""accident_character"": ""nehoda - s následky na životě"", ""vehicle_damage_czk"": ""300"", ""vehicle_after_accident"": ""nedošlo k požáru"", ""driver_external_influence"": ""řidič nebyl ovlivněn""}",6501
23742,"{""police_cr"": ""060206170779""}","2017-04-19 12:25:00+00","2026-04-09 00:02:38.997029+00","2026-04-09 00:02:38.997029+00","2026-04-09 00:02:38.997029+00","0101000020E6100000C038E92DC6973040A5CCCE2C1A964840","Brno","Jihlavská","","monitored_road","srážka - s jedoucím nekolejovým vozidlem","zezadu","nepřizpůsobení rychlosti - stavu vozovky (náledí, výtluky, bláto, mokrý povrch apod.)","řidičem - motorového vozidla","property_damage",0,0,0,NULL,3,600,NULL,"sněžení","povrch mokrý","ve dne - viditelnost nezhoršená vlivem povětrnostních podmínek","dobrý, bez závad","{""osobní automobil bez přívěsu""}",True,False,NULL,100,"{""skid"": ""ne"", ""year"": ""2017"", ""source"": ""police-cr"", ""locality"": ""v obci"", ""priority"": ""přednost nevyznačena - vyplývá z pravidel silníčního provozu"", ""direction"": ""přímý úsek"", ""visibility"": ""dobré"", ""driver_state"": ""pod vlivem - alkoholu, obsah alkoholu v krvi 1 ‰ a více"", ""intersection"": ""mimo křižovatku"", ""vehicle_year"": ""98"", ""obstacle_type"": ""nepříchází v úvahu - nejedná se o srážku s pevnou překážkou"", ""road_division"": ""dvoupruhová"", ""road_position"": ""na jízdním pruhu"", ""vehicle_brand"": ""CITROEN"", ""driver_license"": ""s řidičským oprávněním skupiny - B"", ""specific_place"": ""žádné nebo žádné z uvedených"", ""traffic_control"": ""místní úprava"", ""road_surface_type"": ""živice"", ""vehicle_ownership"": ""soukromé - nevyužívané k výdělečné činnosti"", ""accident_character"": ""nehoda - pouze s hmotnou škodou"", ""vehicle_damage_czk"": ""200"", ""vehicle_after_accident"": ""nedošlo k požáru"", ""driver_external_influence"": ""řidič nebyl ovlivněn""}",6501
24447,"{""police_cr"": ""060206171484""}","2017-07-07 20:15:00+00","2026-04-09 00:02:47.810528+00","2026-04-09 00:02:47.810528+00","2026-04-09 00:02:47.810528+00","0101000020E6100000344013DAFD8D304065616FFF33964840","Brno","Jihlavská","","monitored_road","srážka - s pevnou překážkou","nepřichází v úvahu - nejedná se o srážku jedoucích vozidel","nepřizpůsobení rychlosti - stavu vozovky (náledí, výtluky, bláto, mokrý povrch apod.)","řidičem - motorového vozidla","property_damage",0,0,0,NULL,1,2100,NULL,"déšť","povrch mokrý","v noci - s veřejným osvětlením, zhoršená viditelnost vlivem povětrnostních podmínek (mlha, déšť, sněžení apod.)","dobrý, bez závad","{""osobní automobil bez přívěsu""}",False,False,NULL,100,"{""skid"": ""ano"", ""year"": ""2017"", ""source"": ""police-cr"", ""locality"": ""v obci"", ""priority"": ""žádná místní úprava"", ""direction"": ""přímý úsek"", ""visibility"": ""jiné špatné"", ""driver_state"": ""dobrý - žádné nepříznivé okolnosti nebyly zjištěny"", ""intersection"": ""mimo křižovatku"", ""vehicle_year"": ""00"", ""obstacle_type"": ""svodidlo"", ""road_division"": ""dvoupruhová"", ""road_position"": ""na jízdním pruhu"", ""vehicle_brand"": ""BMW - motocykly"", ""driver_license"": ""s řidičským oprávněním skupiny - C"", ""specific_place"": ""žádné nebo žádné z uvedených"", ""traffic_control"": ""žádný způsob řízení provozu"", ""road_surface_type"": ""živice"", ""vehicle_ownership"": ""soukromá organizace - (podnikatel, s.r.o., v.o.s., a.s., atd.)"", ""accident_character"": ""nehoda - pouze s hmotnou škodou"", ""vehicle_damage_czk"": ""1500"", ""vehicle_after_accident"": ""žádná z uvedených"", ""driver_external_influence"": ""řidič nebyl ovlivněn""}",8742
24456,"{""police_cr"": ""060206171493""}","2017-07-09 20:03:00+00","2026-04-09 00:02:47.909445+00","2026-04-09 00:02:47.909445+00","2026-04-09 00:02:47.909445+00","0101000020E6100000413909AE60963040CB6C56CA28964840","Brno","Jihlavská","","monitored_road","srážka - s lesní zvěří","nepřichází v úvahu - nejedná se o srážku jedoucích vozidel","nezaviněná řidičem","lesní zvěří, domácím zvířectvem","property_damage",0,0,0,NULL,1,100,NULL,"neztížené","povrch suchý - neznečištěný","v noci - s veřejným osvětlením, viditelnost nezhoršená vlivem povětrnostních podmínek","dobrý, bez závad","{""osobní automobil bez přívěsu""}",False,False,NULL,100,"{""skid"": ""ne"", ""year"": ""2017"", ""source"": ""police-cr"", ""locality"": ""v obci"", ""priority"": ""žádná místní úprava"", ""direction"": ""přímý úsek"", ""visibility"": ""dobré"", ""driver_state"": ""dobrý - žádné nepříznivé okolnosti nebyly zjištěny"", ""intersection"": ""mimo křižovatku"", ""vehicle_year"": ""01"", ""obstacle_type"": ""nepříchází v úvahu - nejedná se o srážku s pevnou překážkou"", ""road_division"": ""čtyřpruhová s dělící čarou"", ""road_position"": ""na jízdním pruhu"", ""vehicle_brand"": ""ŠKODA"", ""driver_license"": ""s řidičským oprávněním skupiny - B"", ""specific_place"": ""žádné nebo žádné z uvedených"", ""traffic_control"": ""žádný způsob řízení provozu"", ""road_surface_type"": ""živice"", ""vehicle_ownership"": ""soukromé - nevyužívané k výdělečné činnosti"", ""accident_character"": ""nehoda - pouze s hmotnou škodou"", ""vehicle_damage_czk"": ""100"", ""vehicle_after_accident"": ""žádná z uvedených"", ""driver_external_influence"": ""řidič nebyl ovlivněn""}",7933
24897,"{""police_cr"": ""060206171934""}","2017-09-15 09:00:00+00","2026-04-09 00:02:54.623724+00","2026-04-09 00:02:54.623724+00","2026-04-09 00:02:54.623724+00","0101000020E610000086C64369FB8E30403714108440964840","Brno","Jihlavská","","intersection","srážka - s jedoucím nekolejovým vozidlem","zezadu","nedodržení bezpečné vzdálenosti za vozidlem","řidičem - motorového vozidla","minor",0,0,1,NULL,2,700,NULL,"neztížené","povrch suchý - neznečištěný","ve dne - viditelnost nezhoršená vlivem povětrnostních podmínek","dobrý, bez závad","{""osobní automobil bez přívěsu""}",False,False,NULL,100,"{""skid"": ""ne"", ""year"": ""2017"", ""source"": ""police-cr"", ""locality"": ""v obci"", ""priority"": ""žádná místní úprava"", ""direction"": ""křižovatka průsečná - čtyřramenná"", ""visibility"": ""dobré"", ""driver_state"": ""dobrý - žádné nepříznivé okolnosti nebyly zjištěny"", ""intersection"": ""na křižovatce - uvnitř hranic křižovatky definovaných pro systém evidence nehod (zóna 9)"", ""obstacle_type"": ""nepříchází v úvahu - nejedná se o srážku s pevnou překážkou"", ""road_division"": ""vícepruhová"", ""road_position"": ""na jízdním pruhu"", ""vehicle_brand"": ""VOLKSWAGEN"", ""driver_license"": ""s řidičským oprávněním skupiny - C"", ""specific_place"": ""žádné nebo žádné z uvedených"", ""traffic_control"": ""světelným signalizačním zařízením"", ""road_surface_type"": ""živice"", ""vehicle_ownership"": ""soukromé - nevyužívané k výdělečné činnosti"", ""accident_character"": ""nehoda - s následky na životě"", ""vehicle_damage_czk"": ""200"", ""vehicle_after_accident"": ""nedošlo k požáru"", ""driver_external_influence"": ""řidič nebyl ovlivněn""}",8716
24911,"{""police_cr"": ""060206171948""}","2017-09-17 11:40:00+00","2026-04-09 00:02:54.886904+00","2026-04-09 00:02:54.886904+00","2026-04-09 00:02:54.886904+00","0101000020E610000055DDCB61F3983040035CD00B16964840","Brno","Jihlavská","","intersection","srážka - s jedoucím nekolejovým vozidlem","z boku","při odbočování vlevo","řidičem - motorového vozidla","minor",0,0,1,NULL,2,1000,NULL,"déšť","povrch mokrý","ve dne - viditelnost nezhoršená vlivem povětrnostních podmínek","dobrý, bez závad","{""osobní automobil bez přívěsu""}",False,False,NULL,100,"{""skid"": ""ne"", ""year"": ""2017"", ""source"": ""police-cr"", ""locality"": ""v obci"", ""priority"": ""žádná místní úprava"", ""direction"": ""křižovatka průsečná - čtyřramenná"", ""visibility"": ""dobré"", ""driver_state"": ""dobrý - žádné nepříznivé okolnosti nebyly zjištěny"", ""intersection"": ""na křižovatce - uvnitř hranic křižovatky definovaných pro systém evidence nehod (zóna 9)"", ""vehicle_year"": ""05"", ""obstacle_type"": ""nepříchází v úvahu - nejedná se o srážku s pevnou překážkou"", ""road_division"": ""třípruhová"", ""road_position"": ""na jízdním pruhu"", ""vehicle_brand"": ""PEUGEOT"", ""driver_license"": ""s řidičským oprávněním skupiny - C"", ""specific_place"": ""žádné nebo žádné z uvedených"", ""traffic_control"": ""světelným signalizačním zařízením"", ""road_surface_type"": ""živice"", ""vehicle_ownership"": ""soukromé - nevyužívané k výdělečné činnosti"", ""accident_character"": ""nehoda - s následky na životě"", ""vehicle_damage_czk"": ""300"", ""vehicle_after_accident"": ""nedošlo k požáru"", ""driver_external_influence"": ""řidič nebyl ovlivněn""}",6515
25260,"{""police_cr"": ""060206172297""}","2017-10-28 08:45:00+00","2026-04-09 00:02:59.432176+00","2026-04-09 00:02:59.432176+00","2026-04-09 00:02:59.432176+00","0101000020E61000008675BF4165973040A05BF4A31E964840","Brno","Jihlavská","","monitored_road","srážka - s jedoucím nekolejovým vozidlem","z boku","proti příkazu dopravní značky - DEJ PŘEDNOST","řidičem - motorového vozidla","minor",0,0,1,NULL,2,50,NULL,"neztížené","povrch suchý - neznečištěný","ve dne - viditelnost nezhoršená vlivem povětrnostních podmínek","dobrý, bez závad","{""osobní automobil bez přívěsu""}",False,False,NULL,100,"{""skid"": ""ne"", ""year"": ""2017"", ""source"": ""police-cr"", ""locality"": ""v obci"", ""priority"": ""přednost vyznačena dopravními značkami"", ""direction"": ""přímý úsek"", ""visibility"": ""dobré"", ""driver_state"": ""dobrý - žádné nepříznivé okolnosti nebyly zjištěny"", ""intersection"": ""mimo křižovatku"", ""vehicle_year"": ""09"", ""obstacle_type"": ""nepříchází v úvahu - nejedná se o srážku s pevnou překážkou"", ""road_division"": ""třípruhová"", ""road_position"": ""na jízdním pruhu"", ""vehicle_brand"": ""VOLKSWAGEN"", ""driver_license"": ""s řidičským oprávněním skupiny - D"", ""specific_place"": ""přechod pro chodce"", ""traffic_control"": ""místní úprava"", ""road_surface_type"": ""živice"", ""vehicle_ownership"": ""soukromé - nevyužívané k výdělečné činnosti"", ""accident_character"": ""nehoda - s následky na životě"", ""vehicle_damage_czk"": ""20"", ""vehicle_after_accident"": ""nedošlo k požáru"", ""driver_external_influence"": ""řidič nebyl ovlivněn""}",7927
25422,"{""police_cr"": ""060206172459""}","2017-11-17 20:10:00+00","2026-04-09 00:03:01.945683+00","2026-04-09 00:03:01.945683+00","2026-04-09 00:03:01.945683+00","0101000020E61000000DB5427DC88E3040BA4CF6F53B964840","Brno","Jihlavská","","intersection","srážka - s jedoucím nekolejovým vozidlem","čelní","při odbočování vlevo","řidičem - motorového vozidla","property_damage",0,0,0,NULL,2,900,NULL,"neztížené","povrch mokrý","v noci - s veřejným osvětlením, viditelnost nezhoršená vlivem povětrnostních podmínek","dobrý, bez závad","{""osobní automobil bez přívěsu""}",False,False,NULL,100,"{""skid"": ""ne"", ""year"": ""2017"", ""source"": ""police-cr"", ""locality"": ""v obci"", ""priority"": ""žádná místní úprava"", ""direction"": ""křižovatka průsečná - čtyřramenná"", ""visibility"": ""dobré"", ""driver_state"": ""dobrý - žádné nepříznivé okolnosti nebyly zjištěny"", ""intersection"": ""na křižovatce - uvnitř hranic křižovatky definovaných pro systém evidence nehod (zóna 9)"", ""vehicle_year"": ""16"", ""obstacle_type"": ""nepříchází v úvahu - nejedná se o srážku s pevnou překážkou"", ""road_division"": ""čtyřpruhová s dělící čarou"", ""road_position"": ""na jízdním pruhu"", ""vehicle_brand"": ""DACIA"", ""driver_license"": ""s řidičským oprávněním skupiny - B"", ""specific_place"": ""v blízkosti přechodu pro chodce (do vzdálenosti 20 m)"", ""traffic_control"": ""světelným signalizačním zařízením"", ""road_surface_type"": ""živice"", ""vehicle_ownership"": ""soukromé - nevyužívané k výdělečné činnosti"", ""accident_character"": ""nehoda - pouze s hmotnou škodou"", ""vehicle_damage_czk"": ""500"", ""vehicle_after_accident"": ""nedošlo k požáru"", ""driver_external_influence"": ""řidič nebyl ovlivněn""}",8734
25458,"{""police_cr"": ""060206172495""}","2017-11-21 16:10:00+00","2026-04-09 00:03:02.963851+00","2026-04-09 00:03:02.963851+00","2026-04-09 00:03:02.963851+00","0101000020E6100000A10A75B25F96304006F443D324964840","Brno","Jihlavská","","monitored_road","srážka - s jedoucím nekolejovým vozidlem","zezadu","nedodržení bezpečné vzdálenosti za vozidlem","řidičem - motorového vozidla","minor",0,0,1,NULL,2,600,NULL,"neztížené","povrch mokrý","v noci - s veřejným osvětlením, viditelnost nezhoršená vlivem povětrnostních podmínek","podélný sklon vyšší než 8 '%","{""osobní automobil bez přívěsu""}",False,False,NULL,100,"{""skid"": ""ne"", ""year"": ""2017"", ""source"": ""police-cr"", ""locality"": ""v obci"", ""priority"": ""žádná místní úprava"", ""direction"": ""přímý úsek"", ""visibility"": ""dobré"", ""driver_state"": ""dobrý - žádné nepříznivé okolnosti nebyly zjištěny"", ""intersection"": ""mimo křižovatku"", ""vehicle_year"": ""08"", ""obstacle_type"": ""nepříchází v úvahu - nejedná se o srážku s pevnou překážkou"", ""road_division"": ""dvoupruhová"", ""road_position"": ""na jízdním pruhu"", ""vehicle_brand"": ""RENAULT"", ""driver_license"": ""nezjištěno - (např. u cizinců)"", ""specific_place"": ""žádné nebo žádné z uvedených"", ""traffic_control"": ""žádný způsob řízení provozu"", ""road_surface_type"": ""živice"", ""vehicle_ownership"": ""registrované mimo území ČR"", ""accident_character"": ""nehoda - s následky na životě"", ""vehicle_damage_czk"": ""300"", ""vehicle_after_accident"": ""žádná z uvedených"", ""driver_external_influence"": ""řidič nebyl ovlivněn""}",7933
25467,"{""police_cr"": ""060206172504""}","2017-11-22 15:30:00+00","2026-04-09 00:03:03.242366+00","2026-04-09 00:03:03.242366+00","2026-04-09 00:03:03.242366+00","0101000020E610000071A5DEBE0B963040AB4C277229964840","Brno","Jihlavská","","monitored_road","srážka - s jedoucím nekolejovým vozidlem","čelní","řidič se plně nevěnoval řízení vozidla","řidičem - motorového vozidla","minor",0,0,1,NULL,4,1850,NULL,"neztížené","povrch suchý - neznečištěný","ve dne - viditelnost nezhoršená vlivem povětrnostních podmínek","dobrý, bez závad","{""osobní automobil bez přívěsu""}",False,False,NULL,100,"{""skid"": ""ne"", ""year"": ""2017"", ""source"": ""police-cr"", ""locality"": ""v obci"", ""priority"": ""žádná místní úprava"", ""direction"": ""přímý úsek"", ""visibility"": ""dobré"", ""driver_state"": ""dobrý - žádné nepříznivé okolnosti nebyly zjištěny"", ""intersection"": ""mimo křižovatku"", ""vehicle_year"": ""00"", ""obstacle_type"": ""nepříchází v úvahu - nejedná se o srážku s pevnou překážkou"", ""road_division"": ""čtyřpruhová s dělící čarou"", ""road_position"": ""na jízdním pruhu"", ""vehicle_brand"": ""PEUGEOT"", ""driver_license"": ""s řidičským oprávněním skupiny - B"", ""specific_place"": ""žádné nebo žádné z uvedených"", ""traffic_control"": ""žádný způsob řízení provozu"", ""road_surface_type"": ""živice"", ""vehicle_ownership"": ""soukromé - nevyužívané k výdělečné činnosti"", ""accident_character"": ""nehoda - s následky na životě"", ""vehicle_damage_czk"": ""500"", ""vehicle_after_accident"": ""žádná z uvedených"", ""driver_external_influence"": ""řidič nebyl ovlivněn""}",7935
25489,"{""police_cr"": ""060206172526""}","2017-11-25 17:30:00+00","2026-04-09 00:03:03.892719+00","2026-04-09 00:03:03.892719+00","2026-04-09 00:03:03.892719+00","0101000020E6100000D448C442008F30409BFD22F140964840","Brno","Jihlavská","","intersection","srážka - s jedoucím nekolejovým vozidlem","z boku","při odbočování vlevo","řidičem - motorového vozidla","minor",0,0,1,NULL,2,600,NULL,"neztížené","povrch mokrý","v noci - s veřejným osvětlením, viditelnost nezhoršená vlivem povětrnostních podmínek","dobrý, bez závad","{""osobní automobil bez přívěsu""}",False,False,NULL,100,"{""skid"": ""ne"", ""year"": ""2017"", ""source"": ""police-cr"", ""locality"": ""v obci"", ""priority"": ""přednost vyznačena dopravními značkami"", ""direction"": ""křižovatka průsečná - čtyřramenná"", ""visibility"": ""dobré"", ""driver_state"": ""dobrý - žádné nepříznivé okolnosti nebyly zjištěny"", ""intersection"": ""na křižovatce - uvnitř hranic křižovatky definovaných pro systém evidence nehod (zóna 9)"", ""vehicle_year"": ""01"", ""obstacle_type"": ""nepříchází v úvahu - nejedná se o srážku s pevnou překážkou"", ""road_division"": ""třípruhová"", ""road_position"": ""na jízdním pruhu"", ""vehicle_brand"": ""FORD"", ""driver_license"": ""s řidičským oprávněním skupiny - B"", ""specific_place"": ""žádné nebo žádné z uvedených"", ""traffic_control"": ""místní úprava"", ""road_surface_type"": ""živice"", ""vehicle_ownership"": ""soukromé - nevyužívané k výdělečné činnosti"", ""accident_character"": ""nehoda - s následky na životě"", ""vehicle_damage_czk"": ""200"", ""vehicle_after_accident"": ""nedošlo k požáru"", ""driver_external_influence"": ""řidič nebyl ovlivněn""}",8716
25938,"{""police_cr"": ""060306170508""}","2017-06-01 16:55:00+00","2026-04-09 00:03:14.575405+00","2026-04-09 00:03:14.575405+00","2026-04-09 00:03:14.575405+00","0101000020E610000024905EBA0D813040A9F8217FA4964840","Troubsko","Jihlavská","602","secondary","srážka - s jedoucím nekolejovým vozidlem","boční","proti příkazu dopravní značky - DEJ PŘEDNOST","řidičem - motorového vozidla","minor",0,0,1,NULL,2,100,NULL,"neztížené","povrch suchý - neznečištěný","v noci - bez veřejného osvětlení, viditelnost nezhoršená vlivem povětrnostních podmínek","dobrý, bez závad","{""osobní automobil bez přívěsu""}",False,False,NULL,100,"{""skid"": ""ne"", ""year"": ""2017"", ""source"": ""police-cr"", ""locality"": ""v obci"", ""priority"": ""přednost vyznačena dopravními značkami"", ""direction"": ""kruhový objezd"", ""visibility"": ""dobré"", ""driver_state"": ""dobrý - žádné nepříznivé okolnosti nebyly zjištěny"", ""intersection"": ""na křižovatce - uvnitř hranic křižovatky definovaných pro systém evidence nehod (zóna 9)"", ""vehicle_year"": ""08"", ""obstacle_type"": ""nepříchází v úvahu - nejedná se o srážku s pevnou překážkou"", ""road_division"": ""žádná z uvedených"", ""road_position"": ""na jízdním pruhu"", ""vehicle_brand"": ""AUDI"", ""driver_license"": ""s řidičským oprávněním skupiny - B"", ""specific_place"": ""v blízkosti přechodu pro chodce (do vzdálenosti 20 m)"", ""traffic_control"": ""místní úprava"", ""intersecting_road"": ""3"", ""road_surface_type"": ""živice"", ""vehicle_ownership"": ""soukromé - nevyužívané k výdělečné činnosti"", ""accident_character"": ""nehoda - s následky na životě"", ""vehicle_damage_czk"": ""50"", ""vehicle_after_accident"": ""žádná z uvedených"", ""driver_external_influence"": ""řidič nebyl ovlivněn""}",9230